{
  "accuracy": [
    0.9347826242446899,
    1.0,
    1.0,
    1.0,
    1.0
  ],
  "auc": [
    0.9931474924087524,
    1.0,
    1.0,
    1.0,
    1.0
  ],
  "loss": [
    0.10683554410934448,
    9.634613888920285e-06,
    5.2979025610966346e-08,
    8.479131841099274e-10,
    3.5224501093722438e-09
  ],
  "precision": [
    0.9255319237709045,
    1.0,
    1.0,
    1.0,
    1.0
  ],
  "recall": [
    0.945652186870575,
    1.0,
    1.0,
    1.0,
    1.0
  ],
  "val_accuracy": [
    0.4794520437717438,
    0.4794520437717438,
    0.4794520437717438,
    0.4794520437717438,
    1.0
  ],
  "val_auc": [
    1.0,
    1.0,
    1.0,
    1.0,
    1.0
  ],
  "val_loss": [
    0.6782578229904175,
    0.7005554437637329,
    0.5964274406433105,
    0.4492931067943573,
    0.3655426502227783
  ],
  "val_precision": [
    0.4794520437717438,
    0.4794520437717438,
    0.4794520437717438,
    0.4794520437717438,
    1.0
  ],
  "val_recall": [
    1.0,
    1.0,
    1.0,
    1.0,
    1.0
  ],
  "learning_rate": [
    0.0010000000474974513,
    0.0010000000474974513,
    0.0010000000474974513,
    0.0010000000474974513,
    0.0010000000474974513
  ]
}